{
	"credit": "Made with Blockbench",
	"textures": {
		"0": "pq/bangarang",
		"particle": "pq/bangarang"
	},
	"elements": [
		{
			"from": [3, 0, 3],
			"to": [13, 14, 13],
			"faces": {
				"north": {"uv": [0, 0, 2.5, 0.25], "texture": "#0"},
				"east": {"uv": [0, 0, 2.5, 0.25], "texture": "#0"},
				"south": {"uv": [0, 0, 2.5, 0.25], "texture": "#0"},
				"west": {"uv": [0, 0, 2.5, 0.25], "texture": "#0"},
				"up": {"uv": [4.75, 0.75, 7.25, 3.25], "texture": "#0"},
				"down": {"uv": [4.75, 0.75, 7.25, 3.25], "texture": "#0"}
			}
		},
		{
			"from": [2, 0, 3],
			"to": [3, 14, 13],
			"faces": {
				"north": {"uv": [3.25, 0.25, 3.5, 3.75], "texture": "#0"},
				"east": {"uv": [0, 0, 2.5, 0.25], "texture": "#0"},
				"south": {"uv": [0.5, 0.25, 0.75, 3.75], "texture": "#0"},
				"west": {"uv": [0.75, 0.25, 3.25, 3.75], "texture": "#0"},
				"up": {"uv": [4.5, 0.75, 4.75, 3.25], "texture": "#0"},
				"down": {"uv": [4.5, 0.75, 4.75, 3.25], "texture": "#0"}
			}
		},
		{
			"from": [13, 0, 3],
			"to": [14, 14, 13],
			"faces": {
				"north": {"uv": [0.5, 0.25, 0.75, 3.75], "texture": "#0"},
				"east": {"uv": [0.75, 0.25, 3.25, 3.75], "texture": "#0"},
				"south": {"uv": [3.25, 0.25, 3.5, 3.75], "texture": "#0"},
				"west": {"uv": [0, 0, 2.5, 0.25], "texture": "#0"},
				"up": {"uv": [7.25, 0.75, 7.5, 3.25], "texture": "#0"},
				"down": {"uv": [7.25, 0.75, 7.5, 3.25], "texture": "#0"}
			}
		},
		{
			"from": [1, 0, 5],
			"to": [2, 14, 11],
			"faces": {
				"north": {"uv": [3.5, 0.25, 3.75, 3.75], "texture": "#0"},
				"east": {"uv": [0, 0, 1.5, 0.25], "texture": "#missing"},
				"south": {"uv": [0.25, 0.25, 0.5, 3.75], "texture": "#0"},
				"west": {"uv": [1.25, 0.25, 2.75, 3.75], "texture": "#0"},
				"up": {"uv": [4.25, 1.25, 4.5, 2.75], "texture": "#0"},
				"down": {"uv": [4.25, 1.25, 4.5, 2.75], "texture": "#0"}
			}
		},
		{
			"from": [14, 0, 5],
			"to": [15, 14, 11],
			"faces": {
				"north": {"uv": [0.25, 0.25, 0.5, 3.75], "texture": "#0"},
				"east": {"uv": [1.25, 0.25, 2.75, 3.75], "texture": "#0"},
				"south": {"uv": [3.5, 0.25, 3.75, 3.75], "texture": "#0"},
				"west": {"uv": [0, 0, 1.5, 0.25], "texture": "#missing"},
				"up": {"uv": [7.5, 1.25, 7.75, 2.75], "texture": "#0"},
				"down": {"uv": [7.5, 1.25, 7.75, 2.75], "texture": "#0"}
			}
		},
		{
			"from": [3, 0, 2],
			"to": [13, 14, 3],
			"faces": {
				"north": {"uv": [0.75, 0.25, 3.25, 3.75], "texture": "#0"},
				"east": {"uv": [3.25, 0.25, 3.5, 3.75], "texture": "#0"},
				"south": {"uv": [0, 0, 2.5, 0.25], "texture": "#missing"},
				"west": {"uv": [0.5, 0.25, 0.75, 3.75], "texture": "#0"},
				"up": {"uv": [4.75, 0.5, 7.25, 0.75], "texture": "#0"},
				"down": {"uv": [4.75, 3.25, 7.25, 3.5], "texture": "#0"}
			}
		},
		{
			"from": [3, 0, 13],
			"to": [13, 14, 14],
			"faces": {
				"north": {"uv": [0, 0, 2.5, 0.25], "texture": "#missing"},
				"east": {"uv": [0.5, 0.25, 0.75, 3.75], "texture": "#0"},
				"south": {"uv": [0.75, 0.25, 3.25, 3.75], "texture": "#0"},
				"west": {"uv": [3.25, 0.25, 3.5, 3.75], "texture": "#0"},
				"up": {"uv": [4.75, 3.25, 7.25, 3.5], "texture": "#0"},
				"down": {"uv": [4.75, 0.5, 7.25, 0.75], "texture": "#0"}
			}
		},
		{
			"from": [5, 0, 14],
			"to": [11, 14, 15],
			"faces": {
				"north": {"uv": [0, 0, 1.5, 3.5], "texture": "#missing"},
				"east": {"uv": [0.25, 0.25, 0.5, 3.75], "texture": "#0"},
				"south": {"uv": [1.25, 0.25, 2.75, 3.75], "texture": "#0"},
				"west": {"uv": [3.5, 0.25, 3.75, 3.75], "texture": "#0"},
				"up": {"uv": [5.25, 3.5, 6.75, 3.75], "texture": "#0"},
				"down": {"uv": [5.25, 0.25, 6.75, 0.5], "texture": "#0"}
			}
		},
		{
			"from": [5, 0, 1],
			"to": [11, 14, 2],
			"faces": {
				"north": {"uv": [1.25, 0.25, 2.75, 3.75], "texture": "#0"},
				"east": {"uv": [3.5, 0.25, 3.75, 3.75], "texture": "#0"},
				"south": {"uv": [0, 0, 1.5, 3.5], "texture": "#missing"},
				"west": {"uv": [0.25, 0.25, 0.5, 3.75], "texture": "#0"},
				"up": {"uv": [5.25, 0.25, 6.75, 0.5], "texture": "#0"},
				"down": {"uv": [5.25, 3.5, 6.75, 3.75], "texture": "#0"}
			}
		}
	],
	"groups": [
		{
			"name": "niz",
			"origin": [8, 8, 8],
			"children": [0, 1, 2, 3, 4, 5, 6, 7, 8]
		}
	]
}