{
	"credit": "Made with Blockbench",
	"textures": {
		"0": "pq/obeme",
		"1": "pq/obeme-stand",
		"particle": "pq/obeme"
	},
	"elements": [
		{
			"name": "cutout",
			"from": [0, 0, 8],
			"to": [16, 32, 8],
			"faces": {
				"north": {"uv": [8, 0, 16, 16], "texture": "#0"},
				"east": {"uv": [0, 0, 0, 8], "texture": "#missing"},
				"south": {"uv": [0, 0, 8, 16], "texture": "#0"},
				"west": {"uv": [0, 0, 0, 8], "texture": "#missing"},
				"down": {"uv": [0, 0, 8, 0], "texture": "#missing"}
			}
		},
		{
			"name": "stand",
			"from": [8, 0, 0],
			"to": [8, 8, 8],
			"faces": {
				"north": {"uv": [0, 0, 0, 2], "texture": "#missing"},
				"east": {"uv": [0, 0, 16, 16], "rotation": 90, "texture": "#1"},
				"south": {"uv": [0, 0, 0, 2], "texture": "#missing"},
				"west": {"uv": [0, 0, 16, 16], "texture": "#1"},
				"up": {"uv": [0, 0, 0, 2], "texture": "#missing"},
				"down": {"uv": [0, 0, 0, 2], "texture": "#missing"}
			}
		}
	],
	"groups": [
		{
			"name": "obama",
			"origin": [8, 8, 8],
			"children": [0, 1]
		}
	]
}