{
	"credit": "Made with Blockbench",
	"textures": {
		"0": "pq/bookshelf/bookshelf_wood1",
		"1": "pq/bookshelf/bookshelf_wood2",
		"2": "pq/bookshelf/bookshelf_book_e",
		"3": "pq/bookshelf/bookshelf_book_a",
		"4": "pq/bookshelf/bookshelf_book_b",
		"5": "pq/bookshelf/bookshelf_book_c",
		"6": "pq/bookshelf/bookshelf_book_f",
		"7": "pq/bookshelf/bookshelf_book_d",
		"8": "pq/bookshelf/bookshelf_book_g",
		"particle": "pq/bookshelf/bookshelf_wood1"
	},
	"elements": [
		{
			"name": "TypeA2",
			"from": [0.75, 0.25, -0.5],
			"to": [2.75, 5.75, 2.75],
			"rotation": {"angle": 0, "axis": "y", "origin": [7.75, 8, 8]},
			"faces": {
				"north": {"uv": [4.953, 3.04762, 7.931, 11.42862], "texture": "#3"},
				"east": {"uv": [0, 3.04762, 4.95238, 11.42862], "texture": "#3"},
				"south": {"uv": [12.95238, 3.04762, 16, 11.42857], "texture": "#3"},
				"west": {"uv": [8, 3.04762, 12.95238, 11.42862], "texture": "#3"},
				"up": {"uv": [0, 0, 4.95238, 3.04762], "rotation": 270, "texture": "#3"},
				"down": {"uv": [8, 0, 12.95238, 3.04762], "rotation": 270, "texture": "#3"}
			}
		},
		{
			"name": "TypeA3",
			"from": [9.75, 8.25, 1.25],
			"to": [11.625, 13.75, 4.5],
			"rotation": {"angle": 0, "axis": "y", "origin": [7.75, 8, 8]},
			"faces": {
				"north": {"uv": [4.953, 3.04762, 7.931, 11.42862], "texture": "#3"},
				"east": {"uv": [0, 3.04762, 4.95238, 11.42862], "texture": "#3"},
				"south": {"uv": [12.95238, 3.04762, 16, 11.42857], "texture": "#3"},
				"west": {"uv": [8, 3.04762, 12.95238, 11.42862], "texture": "#3"},
				"up": {"uv": [0, 0, 4.95238, 3.04762], "rotation": 270, "texture": "#3"},
				"down": {"uv": [8, 0, 12.95238, 3.04762], "rotation": 270, "texture": "#3"}
			}
		},
		{
			"name": "TypeA4",
			"from": [1.00136, 8.25, 4.40091],
			"to": [4.25136, 13.75, 6.27591],
			"rotation": {"angle": 0, "axis": "y", "origin": [1.87614, 11.4875, 8.89977]},
			"faces": {
				"north": {"uv": [0, 3.04762, 4.95238, 11.42862], "texture": "#3"},
				"east": {"uv": [12.95238, 3.04762, 16, 11.42857], "texture": "#3"},
				"south": {"uv": [8, 3.04762, 12.95238, 11.42862], "texture": "#3"},
				"west": {"uv": [4.953, 3.04762, 7.931, 11.42862], "texture": "#3"},
				"up": {"uv": [0, 0, 4.95238, 3.04762], "rotation": 180, "texture": "#3"},
				"down": {"uv": [8, 0, 12.95238, 3.04762], "texture": "#3"}
			}
		},
		{
			"name": "TypeA5",
			"from": [4.34727, 8.25, 11.19455],
			"to": [6.22227, 13.75, 14.44455],
			"rotation": {"angle": 0, "axis": "y", "origin": [8.84614, 11.4875, 14.39977]},
			"faces": {
				"north": {"uv": [12.95238, 3.04762, 16, 11.42857], "texture": "#3"},
				"east": {"uv": [8, 3.04762, 12.95238, 11.42862], "texture": "#3"},
				"south": {"uv": [4.953, 3.04762, 7.931, 11.42862], "texture": "#3"},
				"west": {"uv": [0, 3.04762, 4.95238, 11.42862], "texture": "#3"},
				"up": {"uv": [0, 0, 4.95238, 3.04762], "rotation": 90, "texture": "#3"},
				"down": {"uv": [8, 0, 12.95238, 3.04762], "rotation": 90, "texture": "#3"}
			}
		},
		{
			"name": "TypeA6",
			"from": [11.14091, 8.25, 9.82364],
			"to": [14.39091, 13.75, 11.52364],
			"rotation": {"angle": 0, "axis": "y", "origin": [12.94614, 11.4875, 7.19977]},
			"faces": {
				"north": {"uv": [8, 3.04762, 12.95238, 11.42862], "texture": "#3"},
				"east": {"uv": [4.953, 3.04762, 7.931, 11.42862], "texture": "#3"},
				"south": {"uv": [0, 3.04762, 4.95238, 11.42862], "texture": "#3"},
				"west": {"uv": [12.95238, 3.04762, 16, 11.42857], "texture": "#3"},
				"up": {"uv": [0, 0, 4.95238, 3.04762], "texture": "#3"},
				"down": {"uv": [8, 0, 12.95238, 3.04762], "rotation": 180, "texture": "#3"}
			}
		},
		{
			"name": "TypeA3",
			"from": [-0.5, 0.25, 13.25],
			"to": [2.75, 5.75, 15.25],
			"rotation": {"angle": 0, "axis": "y", "origin": [4.5, 3.5, 2.25]},
			"faces": {
				"north": {"uv": [0, 3.04762, 4.95238, 11.42862], "texture": "#3"},
				"east": {"uv": [12.95238, 3.04762, 16, 11.42857], "texture": "#3"},
				"south": {"uv": [8, 3.04762, 12.95238, 11.42862], "texture": "#3"},
				"west": {"uv": [4.953, 3.04762, 7.931, 11.42862], "texture": "#3"},
				"up": {"uv": [0, 0, 4.95238, 3.04762], "rotation": 180, "texture": "#3"},
				"down": {"uv": [8, 0, 12.95238, 3.04762], "texture": "#3"}
			}
		},
		{
			"name": "TypeA4",
			"from": [13.305, 0.25, 13.195],
			"to": [15.205, 5.75, 16.445],
			"rotation": {"angle": 0, "axis": "y", "origin": [8.825, 3.4875, 14.02]},
			"faces": {
				"north": {"uv": [12.95238, 3.04762, 16, 11.42857], "texture": "#3"},
				"east": {"uv": [8, 3.04762, 12.95238, 11.42862], "texture": "#3"},
				"south": {"uv": [4.953, 3.04762, 7.931, 11.42862], "texture": "#3"},
				"west": {"uv": [0, 3.04762, 4.95238, 11.42862], "texture": "#3"},
				"up": {"uv": [0, 0, 4.95238, 3.04762], "rotation": 90, "texture": "#3"},
				"down": {"uv": [8, 0, 12.95238, 3.04762], "rotation": 90, "texture": "#3"}
			}
		},
		{
			"name": "TypeA5",
			"from": [13.25, 0.25, 0.79],
			"to": [16.5, 5.75, 2.74],
			"rotation": {"angle": 0, "axis": "y", "origin": [14.075, 3.4875, 7.22]},
			"faces": {
				"north": {"uv": [8, 3.04762, 12.95238, 11.42862], "texture": "#3"},
				"east": {"uv": [4.953, 3.04762, 7.931, 11.42862], "texture": "#3"},
				"south": {"uv": [0, 3.04762, 4.95238, 11.42862], "texture": "#3"},
				"west": {"uv": [12.95238, 3.04762, 16, 11.42857], "texture": "#3"},
				"up": {"uv": [0, 0, 4.95238, 3.04762], "texture": "#3"},
				"down": {"uv": [8, 0, 12.95238, 3.04762], "rotation": 180, "texture": "#3"}
			}
		},
		{
			"name": "TypeB2",
			"from": [12.175, 8.25, -0.3],
			"to": [13.675, 15, 3.7],
			"rotation": {"angle": 0, "axis": "y", "origin": [14.875, 3.5, 4.5]},
			"faces": {
				"north": {"uv": [5.81818, 2.1818, 7.99999, 11.99998], "texture": "#4"},
				"east": {"uv": [0, 2.18182, 5.81818, 12], "texture": "#4"},
				"south": {"uv": [13.814, 2.182, 16, 12.00018], "texture": "#4"},
				"west": {"uv": [8, 2.18182, 13.81818, 12], "texture": "#4"},
				"up": {"uv": [0, 0, 5.81818, 2.18182], "rotation": 270, "texture": "#4"},
				"down": {"uv": [8, 0, 13.818, 2.18182], "rotation": 270, "texture": "#4"}
			}
		},
		{
			"name": "TypeB3",
			"from": [-0.29864, 8.25, 2.35091],
			"to": [3.30136, 15, 3.85091],
			"rotation": {"angle": 0, "axis": "y", "origin": [1.87614, 11.4875, 8.89977]},
			"faces": {
				"north": {"uv": [0, 2.18182, 5.81818, 12], "texture": "#4"},
				"east": {"uv": [13.814, 2.182, 16, 12.00018], "texture": "#4"},
				"south": {"uv": [8, 2.18182, 13.81818, 12], "texture": "#4"},
				"west": {"uv": [5.81818, 2.1818, 7.99999, 11.99998], "texture": "#4"},
				"up": {"uv": [0, 0, 5.81818, 2.18182], "rotation": 180, "texture": "#4"},
				"down": {"uv": [8, 0, 13.818, 2.18182], "texture": "#4"}
			}
		},
		{
			"name": "TypeB4",
			"from": [2.29727, 8.25, 12.54455],
			"to": [3.79727, 15, 16.14455],
			"rotation": {"angle": 0, "axis": "y", "origin": [8.84614, 11.4875, 13.89977]},
			"faces": {
				"north": {"uv": [13.814, 2.182, 16, 12.00018], "texture": "#4"},
				"east": {"uv": [8, 2.18182, 13.81818, 12], "texture": "#4"},
				"south": {"uv": [5.81818, 2.1818, 7.99999, 11.99998], "texture": "#4"},
				"west": {"uv": [0, 2.18182, 5.81818, 12], "texture": "#4"},
				"up": {"uv": [0, 0, 5.81818, 2.18182], "rotation": 90, "texture": "#4"},
				"down": {"uv": [8, 0, 13.818, 2.18182], "rotation": 90, "texture": "#4"}
			}
		},
		{
			"name": "TypeB5",
			"from": [12.59091, 8.25, 12.04864],
			"to": [16.19091, 15, 13.54864],
			"rotation": {"angle": 0, "axis": "y", "origin": [13.94614, 11.4875, 7.19977]},
			"faces": {
				"north": {"uv": [8, 2.18182, 13.81818, 12], "texture": "#4"},
				"east": {"uv": [5.81818, 2.1818, 7.99999, 11.99998], "texture": "#4"},
				"south": {"uv": [0, 2.18182, 5.81818, 12], "texture": "#4"},
				"west": {"uv": [13.814, 2.182, 16, 12.00018], "texture": "#4"},
				"up": {"uv": [0, 0, 5.81818, 2.18182], "texture": "#4"},
				"down": {"uv": [8, 0, 13.818, 2.18182], "rotation": 180, "texture": "#4"}
			}
		},
		{
			"name": "TypeB3",
			"from": [2.75, 0.25, -0.3],
			"to": [4.25, 7, 3.7],
			"rotation": {"angle": 0, "axis": "y", "origin": [14, 3.5, 4.5]},
			"faces": {
				"north": {"uv": [5.81818, 2.1818, 7.99999, 11.99998], "texture": "#4"},
				"east": {"uv": [0, 2.18182, 5.81818, 12], "texture": "#4"},
				"south": {"uv": [13.814, 2.182, 16, 12.00018], "texture": "#4"},
				"west": {"uv": [8, 2.18182, 13.81818, 12], "texture": "#4"},
				"up": {"uv": [0, 0, 5.81818, 2.18182], "rotation": 270, "texture": "#4"},
				"down": {"uv": [8, 0, 13.818, 2.18182], "rotation": 270, "texture": "#4"}
			}
		},
		{
			"name": "TypeB4",
			"from": [-0.3, 0.25, 11.75],
			"to": [3.7, 7, 13.25],
			"rotation": {"angle": 0, "axis": "y", "origin": [4.5, 3.5, 2.25]},
			"faces": {
				"north": {"uv": [0, 2.18182, 5.81818, 12], "texture": "#4"},
				"east": {"uv": [13.814, 2.182, 16, 12.00018], "texture": "#4"},
				"south": {"uv": [8, 2.18182, 13.81818, 12], "texture": "#4"},
				"west": {"uv": [5.81818, 2.1818, 7.99999, 11.99998], "texture": "#4"},
				"up": {"uv": [0, 0, 5.81818, 2.18182], "rotation": 180, "texture": "#4"},
				"down": {"uv": [8, 0, 13.818, 2.18182], "texture": "#4"}
			}
		},
		{
			"name": "TypeB5",
			"from": [11.805, 0.25, 12.245],
			"to": [13.305, 7, 16.245],
			"rotation": {"angle": 0, "axis": "y", "origin": [8.825, 3.4875, 14.02]},
			"faces": {
				"north": {"uv": [13.814, 2.182, 16, 12.00018], "texture": "#4"},
				"east": {"uv": [8, 2.18182, 13.81818, 12], "texture": "#4"},
				"south": {"uv": [5.81818, 2.1818, 7.99999, 11.99998], "texture": "#4"},
				"west": {"uv": [0, 2.18182, 5.81818, 12], "texture": "#4"},
				"up": {"uv": [0, 0, 5.81818, 2.18182], "rotation": 90, "texture": "#4"},
				"down": {"uv": [8, 0, 13.818, 2.18182], "rotation": 90, "texture": "#4"}
			}
		},
		{
			"name": "TypeB6",
			"from": [12.3, 0.25, 2.74],
			"to": [16.3, 7, 4.24],
			"rotation": {"angle": 0, "axis": "y", "origin": [14.075, 3.4875, 7.22]},
			"faces": {
				"north": {"uv": [8, 2.18182, 13.81818, 12], "texture": "#4"},
				"east": {"uv": [5.81818, 2.1818, 7.99999, 11.99998], "texture": "#4"},
				"south": {"uv": [0, 2.18182, 5.81818, 12], "texture": "#4"},
				"west": {"uv": [13.814, 2.182, 16, 12.00018], "texture": "#4"},
				"up": {"uv": [0, 0, 5.81818, 2.18182], "texture": "#4"},
				"down": {"uv": [8, 0, 13.818, 2.18182], "rotation": 180, "texture": "#4"}
			}
		},
		{
			"name": "TypeC1",
			"from": [10.7, 0.25, 0.25],
			"to": [11.95, 6.25, 3.75],
			"rotation": {"angle": 0, "axis": "y", "origin": [13.95, 3.5, 4.5]},
			"faces": {
				"north": {"uv": [5.89661, 2.10364, 7.99429, 12.21436], "texture": "#5"},
				"east": {"uv": [0, 2.09587, 5.89638, 12.20809], "texture": "#5"},
				"south": {"uv": [13.89671, 2.10355, 16, 12.21464], "texture": "#5"},
				"west": {"uv": [8, 2.104, 13.896, 12.20535], "texture": "#5"},
				"up": {"uv": [0, 0, 5.89645, 2.09964], "rotation": 270, "texture": "#5"},
				"down": {"uv": [8, 0, 13.89593, 2.10229], "rotation": 270, "texture": "#5"}
			}
		},
		{
			"name": "TypeC2",
			"from": [0.25, 0.25, 4.05],
			"to": [3.75, 6.25, 5.3],
			"rotation": {"angle": 0, "axis": "y", "origin": [4.5, 3.5, 2.25]},
			"faces": {
				"north": {"uv": [0, 2.09587, 5.89638, 12.20809], "texture": "#5"},
				"east": {"uv": [13.89671, 2.10355, 16, 12.21464], "texture": "#5"},
				"south": {"uv": [8, 2.104, 13.896, 12.20535], "texture": "#5"},
				"west": {"uv": [5.89661, 2.10364, 7.99429, 12.21436], "texture": "#5"},
				"up": {"uv": [0, 0, 5.89645, 2.09964], "rotation": 180, "texture": "#5"},
				"down": {"uv": [8, 0, 13.89593, 2.10229], "texture": "#5"}
			}
		},
		{
			"name": "TypeC3",
			"from": [4.105, 0.25, 12.195],
			"to": [5.355, 6.25, 15.695],
			"rotation": {"angle": 0, "axis": "y", "origin": [8.825, 3.4875, 14.02]},
			"faces": {
				"north": {"uv": [13.89671, 2.10355, 16, 12.21464], "texture": "#5"},
				"east": {"uv": [8, 2.104, 13.896, 12.20535], "texture": "#5"},
				"south": {"uv": [5.89661, 2.10364, 7.99429, 12.21436], "texture": "#5"},
				"west": {"uv": [0, 2.09587, 5.89638, 12.20809], "texture": "#5"},
				"up": {"uv": [0, 0, 5.89645, 2.09964], "rotation": 90, "texture": "#5"},
				"down": {"uv": [8, 0, 13.89593, 2.10229], "rotation": 90, "texture": "#5"}
			}
		},
		{
			"name": "TypeC4",
			"from": [12.25, 0.25, 10.69],
			"to": [15.75, 6.25, 11.94],
			"rotation": {"angle": 0, "axis": "y", "origin": [14.075, 3.4875, 7.22]},
			"faces": {
				"north": {"uv": [8, 2.104, 13.896, 12.20535], "texture": "#5"},
				"east": {"uv": [5.89661, 2.10364, 7.99429, 12.21436], "texture": "#5"},
				"south": {"uv": [0, 2.09587, 5.89638, 12.20809], "texture": "#5"},
				"west": {"uv": [13.89671, 2.10355, 16, 12.21464], "texture": "#5"},
				"up": {"uv": [0, 0, 5.89645, 2.09964], "texture": "#5"},
				"down": {"uv": [8, 0, 13.89593, 2.10229], "rotation": 180, "texture": "#5"}
			}
		},
		{
			"name": "TypeC2",
			"from": [6.05, 0.25, 0.25],
			"to": [7.3, 6.25, 3.75],
			"rotation": {"angle": 0, "axis": "y", "origin": [14.45, 3.5, 4.5]},
			"faces": {
				"north": {"uv": [5.89661, 2.10364, 7.99429, 12.21436], "texture": "#5"},
				"east": {"uv": [0, 2.09587, 5.89638, 12.20809], "texture": "#5"},
				"south": {"uv": [13.89671, 2.10355, 16, 12.21464], "texture": "#5"},
				"west": {"uv": [8, 2.104, 13.896, 12.20535], "texture": "#5"},
				"up": {"uv": [0, 0, 5.89645, 2.09964], "rotation": 270, "texture": "#5"},
				"down": {"uv": [8, 0, 13.89593, 2.10229], "rotation": 270, "texture": "#5"}
			}
		},
		{
			"name": "TypeC3",
			"from": [0.25, 0.25, 8.7],
			"to": [3.75, 6.25, 9.95],
			"rotation": {"angle": 0, "axis": "y", "origin": [4.5, 3.5, 2.25]},
			"faces": {
				"north": {"uv": [0, 2.09587, 5.89638, 12.20809], "texture": "#5"},
				"east": {"uv": [13.89671, 2.10355, 16, 12.21464], "texture": "#5"},
				"south": {"uv": [8, 2.104, 13.896, 12.20535], "texture": "#5"},
				"west": {"uv": [5.89661, 2.10364, 7.99429, 12.21436], "texture": "#5"},
				"up": {"uv": [0, 0, 5.89645, 2.09964], "rotation": 180, "texture": "#5"},
				"down": {"uv": [8, 0, 13.89593, 2.10229], "texture": "#5"}
			}
		},
		{
			"name": "TypeC4",
			"from": [8.755, 0.25, 12.195],
			"to": [10.005, 6.25, 15.695],
			"rotation": {"angle": 0, "axis": "y", "origin": [8.825, 3.4875, 14.02]},
			"faces": {
				"north": {"uv": [13.89671, 2.10355, 16, 12.21464], "texture": "#5"},
				"east": {"uv": [8, 2.104, 13.896, 12.20535], "texture": "#5"},
				"south": {"uv": [5.89661, 2.10364, 7.99429, 12.21436], "texture": "#5"},
				"west": {"uv": [0, 2.09587, 5.89638, 12.20809], "texture": "#5"},
				"up": {"uv": [0, 0, 5.89645, 2.09964], "rotation": 90, "texture": "#5"},
				"down": {"uv": [8, 0, 13.89593, 2.10229], "rotation": 90, "texture": "#5"}
			}
		},
		{
			"name": "TypeC5",
			"from": [12.25, 0.25, 6.04],
			"to": [15.75, 6.25, 7.29],
			"rotation": {"angle": 0, "axis": "y", "origin": [14.075, 3.4875, 7.22]},
			"faces": {
				"north": {"uv": [8, 2.104, 13.896, 12.20535], "texture": "#5"},
				"east": {"uv": [5.89661, 2.10364, 7.99429, 12.21436], "texture": "#5"},
				"south": {"uv": [0, 2.09587, 5.89638, 12.20809], "texture": "#5"},
				"west": {"uv": [13.89671, 2.10355, 16, 12.21464], "texture": "#5"},
				"up": {"uv": [0, 0, 5.89645, 2.09964], "texture": "#5"},
				"down": {"uv": [8, 0, 13.89593, 2.10229], "rotation": 180, "texture": "#5"}
			}
		},
		{
			"name": "TypeC3",
			"from": [7.4, 8.25, 0.75],
			"to": [8.65, 14.25, 4.25],
			"rotation": {"angle": 0, "axis": "y", "origin": [14.15, 3.5, 4.5]},
			"faces": {
				"north": {"uv": [5.89661, 2.10364, 7.99429, 12.21436], "texture": "#5"},
				"east": {"uv": [0, 2.09587, 5.89638, 12.20809], "texture": "#5"},
				"south": {"uv": [13.89671, 2.10355, 16, 12.21464], "texture": "#5"},
				"west": {"uv": [8, 2.104, 13.896, 12.20535], "texture": "#5"},
				"up": {"uv": [0, 0, 5.89645, 2.09964], "rotation": 270, "texture": "#5"},
				"down": {"uv": [8, 0, 13.89593, 2.10229], "rotation": 270, "texture": "#5"}
			}
		},
		{
			"name": "TypeC4",
			"from": [0.25136, 8.25, 7.37591],
			"to": [3.75136, 14.25, 8.62591],
			"rotation": {"angle": 0, "axis": "y", "origin": [1.87614, 11.4875, 8.89977]},
			"faces": {
				"north": {"uv": [0, 2.09587, 5.89638, 12.20809], "texture": "#5"},
				"east": {"uv": [13.89671, 2.10355, 16, 12.21464], "texture": "#5"},
				"south": {"uv": [8, 2.104, 13.896, 12.20535], "texture": "#5"},
				"west": {"uv": [5.89661, 2.10364, 7.99429, 12.21436], "texture": "#5"},
				"up": {"uv": [0, 0, 5.89645, 2.09964], "rotation": 180, "texture": "#5"},
				"down": {"uv": [8, 0, 13.89593, 2.10229], "texture": "#5"}
			}
		},
		{
			"name": "TypeC5",
			"from": [7.32227, 8.25, 11.99455],
			"to": [8.57227, 14.25, 15.49455],
			"rotation": {"angle": 0, "axis": "y", "origin": [8.84614, 11.4875, 14.19977]},
			"faces": {
				"north": {"uv": [13.89671, 2.10355, 16, 12.21464], "texture": "#5"},
				"east": {"uv": [8, 2.104, 13.896, 12.20535], "texture": "#5"},
				"south": {"uv": [5.89661, 2.10364, 7.99429, 12.21436], "texture": "#5"},
				"west": {"uv": [0, 2.09587, 5.89638, 12.20809], "texture": "#5"},
				"up": {"uv": [0, 0, 5.89645, 2.09964], "rotation": 90, "texture": "#5"},
				"down": {"uv": [8, 0, 13.89593, 2.10229], "rotation": 90, "texture": "#5"}
			}
		},
		{
			"name": "TypeC6",
			"from": [11.74091, 8.25, 7.47364],
			"to": [15.24091, 14.25, 8.72364],
			"rotation": {"angle": 0, "axis": "y", "origin": [13.94614, 11.4875, 7.19977]},
			"faces": {
				"north": {"uv": [8, 2.104, 13.896, 12.20535], "texture": "#5"},
				"east": {"uv": [5.89661, 2.10364, 7.99429, 12.21436], "texture": "#5"},
				"south": {"uv": [0, 2.09587, 5.89638, 12.20809], "texture": "#5"},
				"west": {"uv": [13.89671, 2.10355, 16, 12.21464], "texture": "#5"},
				"up": {"uv": [0, 0, 5.89645, 2.09964], "texture": "#5"},
				"down": {"uv": [8, 0, 13.89593, 2.10229], "rotation": 180, "texture": "#5"}
			}
		},
		{
			"name": "TypeC4",
			"from": [3.25, 8.25, 0.45],
			"to": [4.5, 14.25, 3.95],
			"rotation": {"angle": 0, "axis": "y", "origin": [14.15, 3.5, 4.5]},
			"faces": {
				"north": {"uv": [5.89661, 2.10364, 7.99429, 12.21436], "texture": "#5"},
				"east": {"uv": [0, 2.09587, 5.89638, 12.20809], "texture": "#5"},
				"south": {"uv": [13.89671, 2.10355, 16, 12.21464], "texture": "#5"},
				"west": {"uv": [8, 2.104, 13.896, 12.20535], "texture": "#5"},
				"up": {"uv": [0, 0, 5.89645, 2.09964], "rotation": 270, "texture": "#5"},
				"down": {"uv": [8, 0, 13.89593, 2.10229], "rotation": 270, "texture": "#5"}
			}
		},
		{
			"name": "TypeC5",
			"from": [0.25136, 8.25, 11.52591],
			"to": [3.75136, 14.25, 12.77591],
			"rotation": {"angle": 0, "axis": "y", "origin": [1.87614, 11.4875, 8.89977]},
			"faces": {
				"north": {"uv": [0, 2.09587, 5.89638, 12.20809], "texture": "#5"},
				"east": {"uv": [13.89671, 2.10355, 16, 12.21464], "texture": "#5"},
				"south": {"uv": [8, 2.104, 13.896, 12.20535], "texture": "#5"},
				"west": {"uv": [5.89661, 2.10364, 7.99429, 12.21436], "texture": "#5"},
				"up": {"uv": [0, 0, 5.89645, 2.09964], "rotation": 180, "texture": "#5"},
				"down": {"uv": [8, 0, 13.89593, 2.10229], "texture": "#5"}
			}
		},
		{
			"name": "TypeC6",
			"from": [11.47227, 8.25, 12.09455],
			"to": [12.72227, 14.25, 15.59455],
			"rotation": {"angle": 0, "axis": "y", "origin": [8.84614, 11.4875, 13.89977]},
			"faces": {
				"north": {"uv": [13.89671, 2.10355, 16, 12.21464], "texture": "#5"},
				"east": {"uv": [8, 2.104, 13.896, 12.20535], "texture": "#5"},
				"south": {"uv": [5.89661, 2.10364, 7.99429, 12.21436], "texture": "#5"},
				"west": {"uv": [0, 2.09587, 5.89638, 12.20809], "texture": "#5"},
				"up": {"uv": [0, 0, 5.89645, 2.09964], "rotation": 90, "texture": "#5"},
				"down": {"uv": [8, 0, 13.89593, 2.10229], "rotation": 90, "texture": "#5"}
			}
		},
		{
			"name": "TypeC7",
			"from": [12.14091, 8.25, 3.32364],
			"to": [15.64091, 14.25, 4.57364],
			"rotation": {"angle": 0, "axis": "y", "origin": [13.94614, 11.4875, 7.19977]},
			"faces": {
				"north": {"uv": [8, 2.104, 13.896, 12.20535], "texture": "#5"},
				"east": {"uv": [5.89661, 2.10364, 7.99429, 12.21436], "texture": "#5"},
				"south": {"uv": [0, 2.09587, 5.89638, 12.20809], "texture": "#5"},
				"west": {"uv": [13.89671, 2.10355, 16, 12.21464], "texture": "#5"},
				"up": {"uv": [0, 0, 5.89645, 2.09964], "texture": "#5"},
				"down": {"uv": [8, 0, 13.89593, 2.10229], "rotation": 180, "texture": "#5"}
			}
		},
		{
			"name": "TypeD1",
			"from": [12.25, 0.25, -0.5],
			"to": [13.25, 7.25, 2.75],
			"rotation": {"angle": 0, "axis": "y", "origin": [13.75, 3.5, 4.5]},
			"faces": {
				"north": {"uv": [6.11884, 1.88078, 8, 15.05655], "texture": "#7"},
				"east": {"uv": [0, 1.881, 6.1162, 15.0572], "texture": "#7"},
				"south": {"uv": [14.12, 1.885, 16, 15.05432], "texture": "#7"},
				"west": {"uv": [8, 1.88103, 14.11619, 15.05719], "texture": "#7"},
				"up": {"uv": [0, 0, 6.11555, 1.88029], "rotation": 270, "texture": "#7"},
				"down": {"uv": [8, 0, 14.1155, 1.8803], "rotation": 270, "texture": "#7"}
			}
		},
		{
			"name": "TypeD2",
			"from": [-0.5, 0.25, 2.75],
			"to": [2.75, 7.25, 3.75],
			"rotation": {"angle": 0, "axis": "y", "origin": [4.5, 3.5, 2.25]},
			"faces": {
				"north": {"uv": [0, 1.881, 6.1162, 15.0572], "texture": "#7"},
				"east": {"uv": [14.12, 1.885, 16, 15.05432], "texture": "#7"},
				"south": {"uv": [8, 1.88103, 14.11619, 15.05719], "texture": "#7"},
				"west": {"uv": [6.11884, 1.88078, 8, 15.05655], "texture": "#7"},
				"up": {"uv": [0, 0, 6.11555, 1.88029], "rotation": 180, "texture": "#7"},
				"down": {"uv": [8, 0, 14.1155, 1.8803], "texture": "#7"}
			}
		},
		{
			"name": "TypeD3",
			"from": [2.805, 0.25, 13.195],
			"to": [3.805, 7.25, 16.445],
			"rotation": {"angle": 0, "axis": "y", "origin": [8.825, 3.4875, 14.02]},
			"faces": {
				"north": {"uv": [14.12, 1.885, 16, 15.05432], "texture": "#7"},
				"east": {"uv": [8, 1.88103, 14.11619, 15.05719], "texture": "#7"},
				"south": {"uv": [6.11884, 1.88078, 8, 15.05655], "texture": "#7"},
				"west": {"uv": [0, 1.881, 6.1162, 15.0572], "texture": "#7"},
				"up": {"uv": [0, 0, 6.11555, 1.88029], "rotation": 90, "texture": "#7"},
				"down": {"uv": [8, 0, 14.1155, 1.8803], "rotation": 90, "texture": "#7"}
			}
		},
		{
			"name": "TypeD4",
			"from": [13.25, 0.25, 12.24],
			"to": [16.5, 7.25, 13.24],
			"rotation": {"angle": 0, "axis": "y", "origin": [14.075, 3.4875, 7.22]},
			"faces": {
				"north": {"uv": [8, 1.88103, 14.11619, 15.05719], "texture": "#7"},
				"east": {"uv": [6.11884, 1.88078, 8, 15.05655], "texture": "#7"},
				"south": {"uv": [0, 1.881, 6.1162, 15.0572], "texture": "#7"},
				"west": {"uv": [14.12, 1.885, 16, 15.05432], "texture": "#7"},
				"up": {"uv": [0, 0, 6.11555, 1.88029], "texture": "#7"},
				"down": {"uv": [8, 0, 14.1155, 1.8803], "rotation": 180, "texture": "#7"}
			}
		},
		{
			"name": "TypeD3",
			"from": [8.725, 8.25, 1],
			"to": [9.725, 15.25, 4.25],
			"rotation": {"angle": 0, "axis": "y", "origin": [14.15, 3.5, 4.5]},
			"faces": {
				"north": {"uv": [6.11884, 1.88078, 8, 15.05655], "texture": "#7"},
				"east": {"uv": [0, 1.881, 6.1162, 15.0572], "texture": "#7"},
				"south": {"uv": [14.12, 1.885, 16, 15.05432], "texture": "#7"},
				"west": {"uv": [8, 1.88103, 14.11619, 15.05719], "texture": "#7"},
				"up": {"uv": [0, 0, 6.11555, 1.88029], "rotation": 270, "texture": "#7"},
				"down": {"uv": [8, 0, 14.1155, 1.8803], "rotation": 270, "texture": "#7"}
			}
		},
		{
			"name": "TypeD4",
			"from": [1.00136, 8.25, 6.30091],
			"to": [4.25136, 15.25, 7.30091],
			"rotation": {"angle": 0, "axis": "y", "origin": [1.87614, 11.4875, 8.89977]},
			"faces": {
				"north": {"uv": [0, 1.881, 6.1162, 15.0572], "texture": "#7"},
				"east": {"uv": [14.12, 1.885, 16, 15.05432], "texture": "#7"},
				"south": {"uv": [8, 1.88103, 14.11619, 15.05719], "texture": "#7"},
				"west": {"uv": [6.11884, 1.88078, 8, 15.05655], "texture": "#7"},
				"up": {"uv": [0, 0, 6.11555, 1.88029], "rotation": 180, "texture": "#7"},
				"down": {"uv": [8, 0, 14.1155, 1.8803], "texture": "#7"}
			}
		},
		{
			"name": "TypeD5",
			"from": [6.24727, 8.25, 11.89455],
			"to": [7.24727, 15.25, 15.14455],
			"rotation": {"angle": 0, "axis": "y", "origin": [8.84614, 11.4875, 14.19977]},
			"faces": {
				"north": {"uv": [14.12, 1.885, 16, 15.05432], "texture": "#7"},
				"east": {"uv": [8, 1.88103, 14.11619, 15.05719], "texture": "#7"},
				"south": {"uv": [6.11884, 1.88078, 8, 15.05655], "texture": "#7"},
				"west": {"uv": [0, 1.881, 6.1162, 15.0572], "texture": "#7"},
				"up": {"uv": [0, 0, 6.11555, 1.88029], "rotation": 90, "texture": "#7"},
				"down": {"uv": [8, 0, 14.1155, 1.8803], "rotation": 90, "texture": "#7"}
			}
		},
		{
			"name": "TypeD6",
			"from": [12.44091, 8.25, 8.79864],
			"to": [15.69091, 15.25, 9.79864],
			"rotation": {"angle": 0, "axis": "y", "origin": [13.94614, 11.4875, 7.19977]},
			"faces": {
				"north": {"uv": [8, 1.88103, 14.11619, 15.05719], "texture": "#7"},
				"east": {"uv": [6.11884, 1.88078, 8, 15.05655], "texture": "#7"},
				"south": {"uv": [0, 1.881, 6.1162, 15.0572], "texture": "#7"},
				"west": {"uv": [14.12, 1.885, 16, 15.05432], "texture": "#7"},
				"up": {"uv": [0, 0, 6.11555, 1.88029], "texture": "#7"},
				"down": {"uv": [8, 0, 14.1155, 1.8803], "rotation": 180, "texture": "#7"}
			}
		},
		{
			"name": "TypeD2",
			"from": [4.75, 0.25, 0.75],
			"to": [5.75, 7.25, 4],
			"rotation": {"angle": 0, "axis": "y", "origin": [14.75, 3.5, 4.5]},
			"faces": {
				"north": {"uv": [6.11884, 1.88078, 8, 15.05655], "texture": "#7"},
				"east": {"uv": [0, 1.881, 6.1162, 15.0572], "texture": "#7"},
				"south": {"uv": [14.12, 1.885, 16, 15.05432], "texture": "#7"},
				"west": {"uv": [8, 1.88103, 14.11619, 15.05719], "texture": "#7"},
				"up": {"uv": [0, 0, 6.11555, 1.88029], "rotation": 270, "texture": "#7"},
				"down": {"uv": [8, 0, 14.1155, 1.8803], "rotation": 270, "texture": "#7"}
			}
		},
		{
			"name": "TypeD3",
			"from": [0.75, 0.25, 10.25],
			"to": [4, 7.25, 11.25],
			"rotation": {"angle": 0, "axis": "y", "origin": [4.5, 3.5, 2.25]},
			"faces": {
				"north": {"uv": [0, 1.881, 6.1162, 15.0572], "texture": "#7"},
				"east": {"uv": [14.12, 1.885, 16, 15.05432], "texture": "#7"},
				"south": {"uv": [8, 1.88103, 14.11619, 15.05719], "texture": "#7"},
				"west": {"uv": [6.11884, 1.88078, 8, 15.05655], "texture": "#7"},
				"up": {"uv": [0, 0, 6.11555, 1.88029], "rotation": 180, "texture": "#7"},
				"down": {"uv": [8, 0, 14.1155, 1.8803], "texture": "#7"}
			}
		},
		{
			"name": "TypeD4",
			"from": [10.305, 0.25, 11.945],
			"to": [11.305, 7.25, 15.195],
			"rotation": {"angle": 0, "axis": "y", "origin": [8.825, 3.4875, 14.02]},
			"faces": {
				"north": {"uv": [14.12, 1.885, 16, 15.05432], "texture": "#7"},
				"east": {"uv": [8, 1.88103, 14.11619, 15.05719], "texture": "#7"},
				"south": {"uv": [6.11884, 1.88078, 8, 15.05655], "texture": "#7"},
				"west": {"uv": [0, 1.881, 6.1162, 15.0572], "texture": "#7"},
				"up": {"uv": [0, 0, 6.11555, 1.88029], "rotation": 90, "texture": "#7"},
				"down": {"uv": [8, 0, 14.1155, 1.8803], "rotation": 90, "texture": "#7"}
			}
		},
		{
			"name": "TypeD5",
			"from": [12, 0.25, 4.74],
			"to": [15.25, 7.25, 5.74],
			"rotation": {"angle": 0, "axis": "y", "origin": [14.075, 3.4875, 7.22]},
			"faces": {
				"north": {"uv": [8, 1.88103, 14.11619, 15.05719], "texture": "#7"},
				"east": {"uv": [6.11884, 1.88078, 8, 15.05655], "texture": "#7"},
				"south": {"uv": [0, 1.881, 6.1162, 15.0572], "texture": "#7"},
				"west": {"uv": [14.12, 1.885, 16, 15.05432], "texture": "#7"},
				"up": {"uv": [0, 0, 6.11555, 1.88029], "texture": "#7"},
				"down": {"uv": [8, 0, 14.1155, 1.8803], "rotation": 180, "texture": "#7"}
			}
		},
		{
			"name": "TypeE1",
			"from": [8.85, 0.25, -0.25],
			"to": [10.35, 7.25, 3.75],
			"rotation": {"angle": 0, "axis": "y", "origin": [14.2, 3.5, 4.5]},
			"faces": {
				"north": {"uv": [5.81818, 2.1818, 7.99999, 12.36362], "texture": "#2"},
				"east": {"uv": [0, 2.18182, 5.81818, 12.36364], "texture": "#2"},
				"south": {"uv": [13.814, 2.182, 16, 12.364], "texture": "#2"},
				"west": {"uv": [8, 2.18182, 13.81818, 12.36364], "texture": "#2"},
				"up": {"uv": [0, 0, 5.81818, 2.18182], "rotation": 270, "texture": "#2"},
				"down": {"uv": [8, 0, 13.818, 2.18182], "rotation": 270, "texture": "#2"}
			}
		},
		{
			"name": "TypeE2",
			"from": [-0.25, 0.25, 6.45],
			"to": [3.75, 7.25, 7.95],
			"rotation": {"angle": 0, "axis": "y", "origin": [4.5, 3.5, 2.25]},
			"faces": {
				"north": {"uv": [0, 2.18182, 5.81818, 12.36364], "texture": "#2"},
				"east": {"uv": [13.814, 2.182, 16, 12.364], "texture": "#2"},
				"south": {"uv": [8, 2.18182, 13.81818, 12.36364], "texture": "#2"},
				"west": {"uv": [5.81818, 2.1818, 7.99999, 12.36362], "texture": "#2"},
				"up": {"uv": [0, 0, 5.81818, 2.18182], "rotation": 180, "texture": "#2"},
				"down": {"uv": [8, 0, 13.818, 2.18182], "texture": "#2"}
			}
		},
		{
			"name": "TypeE3",
			"from": [6.505, 0.25, 12.195],
			"to": [8.005, 7.25, 16.195],
			"rotation": {"angle": 0, "axis": "y", "origin": [8.825, 3.4875, 14.02]},
			"faces": {
				"north": {"uv": [13.814, 2.182, 16, 12.364], "texture": "#2"},
				"east": {"uv": [8, 2.18182, 13.81818, 12.36364], "texture": "#2"},
				"south": {"uv": [5.81818, 2.1818, 7.99999, 12.36362], "texture": "#2"},
				"west": {"uv": [0, 2.18182, 5.81818, 12.36364], "texture": "#2"},
				"up": {"uv": [0, 0, 5.81818, 2.18182], "rotation": 90, "texture": "#2"},
				"down": {"uv": [8, 0, 13.818, 2.18182], "rotation": 90, "texture": "#2"}
			}
		},
		{
			"name": "TypeE4",
			"from": [12.25, 0.25, 8.04],
			"to": [16.25, 7.25, 9.54],
			"rotation": {"angle": 0, "axis": "y", "origin": [14.075, 3.4875, 7.22]},
			"faces": {
				"north": {"uv": [8, 2.18182, 13.81818, 12.36364], "texture": "#2"},
				"east": {"uv": [5.81818, 2.1818, 7.99999, 12.36362], "texture": "#2"},
				"south": {"uv": [0, 2.18182, 5.81818, 12.36364], "texture": "#2"},
				"west": {"uv": [13.814, 2.182, 16, 12.364], "texture": "#2"},
				"up": {"uv": [0, 0, 5.81818, 2.18182], "texture": "#2"},
				"down": {"uv": [8, 0, 13.818, 2.18182], "rotation": 180, "texture": "#2"}
			}
		},
		{
			"name": "TypeE2",
			"from": [4.725, 8.25, 1.5],
			"to": [6.225, 15.25, 5.5],
			"rotation": {"angle": 0, "axis": "y", "origin": [12.425, 3.5, 5]},
			"faces": {
				"north": {"uv": [5.81818, 2.1818, 7.99999, 12.36362], "texture": "#2"},
				"east": {"uv": [0, 2.18182, 5.81818, 12.36364], "texture": "#2"},
				"south": {"uv": [13.814, 2.182, 16, 12.364], "texture": "#2"},
				"west": {"uv": [8, 2.18182, 13.81818, 12.36364], "texture": "#2"},
				"up": {"uv": [0, 0, 5.81818, 2.18182], "rotation": 270, "texture": "#2"},
				"down": {"uv": [8, 0, 13.818, 2.18182], "rotation": 270, "texture": "#2"}
			}
		},
		{
			"name": "TypeE3",
			"from": [1.20136, 8.25, 9.80091],
			"to": [5.20136, 15.25, 11.30091],
			"rotation": {"angle": 0, "axis": "y", "origin": [2.37614, 11.4875, 8.89977]},
			"faces": {
				"north": {"uv": [0, 2.18182, 5.81818, 12.36364], "texture": "#2"},
				"east": {"uv": [13.814, 2.182, 16, 12.364], "texture": "#2"},
				"south": {"uv": [8, 2.18182, 13.81818, 12.36364], "texture": "#2"},
				"west": {"uv": [5.81818, 2.1818, 7.99999, 12.36362], "texture": "#2"},
				"up": {"uv": [0, 0, 5.81818, 2.18182], "rotation": 180, "texture": "#2"},
				"down": {"uv": [8, 0, 13.818, 2.18182], "texture": "#2"}
			}
		},
		{
			"name": "TypeE4",
			"from": [9.74727, 8.25, 10.64455],
			"to": [11.24727, 15.25, 14.64455],
			"rotation": {"angle": 0, "axis": "y", "origin": [8.84614, 11.4875, 13.89977]},
			"faces": {
				"north": {"uv": [13.814, 2.182, 16, 12.364], "texture": "#2"},
				"east": {"uv": [8, 2.18182, 13.81818, 12.36364], "texture": "#2"},
				"south": {"uv": [5.81818, 2.1818, 7.99999, 12.36362], "texture": "#2"},
				"west": {"uv": [0, 2.18182, 5.81818, 12.36364], "texture": "#2"},
				"up": {"uv": [0, 0, 5.81818, 2.18182], "rotation": 90, "texture": "#2"},
				"down": {"uv": [8, 0, 13.818, 2.18182], "rotation": 90, "texture": "#2"}
			}
		},
		{
			"name": "TypeE5",
			"from": [10.59091, 8.25, 4.79864],
			"to": [14.59091, 15.25, 6.29864],
			"rotation": {"angle": 0, "axis": "y", "origin": [13.34614, 11.4875, 7.19977]},
			"faces": {
				"north": {"uv": [8, 2.18182, 13.81818, 12.36364], "texture": "#2"},
				"east": {"uv": [5.81818, 2.1818, 7.99999, 12.36362], "texture": "#2"},
				"south": {"uv": [0, 2.18182, 5.81818, 12.36364], "texture": "#2"},
				"west": {"uv": [13.814, 2.182, 16, 12.364], "texture": "#2"},
				"up": {"uv": [0, 0, 5.81818, 2.18182], "texture": "#2"},
				"down": {"uv": [8, 0, 13.818, 2.18182], "rotation": 180, "texture": "#2"}
			}
		},
		{
			"name": "TypeF1",
			"from": [7.35, 0.25, -0.25],
			"to": [7.85, 6.5, 3.25],
			"rotation": {"angle": 0, "axis": "y", "origin": [14.35, 3.5, 4.5]},
			"faces": {
				"north": {"uv": [7.025, 1, 7.99429, 13.501], "texture": "#6"},
				"east": {"uv": [0, 1, 7, 13.4932], "texture": "#6"},
				"south": {"uv": [15.00245, 0.9981, 16, 13.49458], "texture": "#6"},
				"west": {"uv": [8, 1.00578, 15.00045, 13.49619], "texture": "#6"},
				"up": {"uv": [0, 0, 6.99526, 0.99787], "rotation": 270, "texture": "#6"},
				"down": {"uv": [8, 0, 14.9953, 0.9979], "rotation": 270, "texture": "#6"}
			}
		},
		{
			"name": "TypeF2",
			"from": [-0.25, 0.25, 8.15],
			"to": [3.25, 6.5, 8.65],
			"rotation": {"angle": 0, "axis": "y", "origin": [4.5, 3.5, 2.25]},
			"faces": {
				"north": {"uv": [0, 1, 7, 13.4932], "texture": "#6"},
				"east": {"uv": [15.00245, 0.9981, 16, 13.49458], "texture": "#6"},
				"south": {"uv": [8, 1.00578, 15.00045, 13.49619], "texture": "#6"},
				"west": {"uv": [7.025, 1, 7.99429, 13.501], "texture": "#6"},
				"up": {"uv": [0, 0, 6.99526, 0.99787], "rotation": 180, "texture": "#6"},
				"down": {"uv": [8, 0, 14.9953, 0.9979], "texture": "#6"}
			}
		},
		{
			"name": "TypeF3",
			"from": [8.205, 0.25, 12.695],
			"to": [8.705, 6.5, 16.195],
			"rotation": {"angle": 0, "axis": "y", "origin": [8.825, 3.4875, 14.02]},
			"faces": {
				"north": {"uv": [15.00245, 0.9981, 16, 13.49458], "texture": "#6"},
				"east": {"uv": [8, 1.00578, 15.00045, 13.49619], "texture": "#6"},
				"south": {"uv": [7.025, 1, 7.99429, 13.501], "texture": "#6"},
				"west": {"uv": [0, 1, 7, 13.4932], "texture": "#6"},
				"up": {"uv": [0, 0, 6.99526, 0.99787], "rotation": 90, "texture": "#6"},
				"down": {"uv": [8, 0, 14.9953, 0.9979], "rotation": 90, "texture": "#6"}
			}
		},
		{
			"name": "TypeF4",
			"from": [12.75, 0.25, 7.34],
			"to": [16.25, 6.5, 7.84],
			"rotation": {"angle": 0, "axis": "y", "origin": [14.075, 3.4875, 7.22]},
			"faces": {
				"north": {"uv": [8, 1.00578, 15.00045, 13.49619], "texture": "#6"},
				"east": {"uv": [7.025, 1, 7.99429, 13.501], "texture": "#6"},
				"south": {"uv": [0, 1, 7, 13.4932], "texture": "#6"},
				"west": {"uv": [15.00245, 0.9981, 16, 13.49458], "texture": "#6"},
				"up": {"uv": [0, 0, 6.99526, 0.99787], "texture": "#6"},
				"down": {"uv": [8, 0, 14.9953, 0.9979], "rotation": 180, "texture": "#6"}
			}
		},
		{
			"name": "TypeF2",
			"from": [4.25, 0.25, 1.5],
			"to": [4.75, 6.5, 5],
			"rotation": {"angle": 0, "axis": "y", "origin": [14.5, 3.5, 4.5]},
			"faces": {
				"north": {"uv": [7.025, 1, 7.99429, 13.501], "texture": "#6"},
				"east": {"uv": [0, 1, 7, 13.4932], "texture": "#6"},
				"south": {"uv": [15.00245, 0.9981, 16, 13.49458], "texture": "#6"},
				"west": {"uv": [8, 1.00578, 15.00045, 13.49619], "texture": "#6"},
				"up": {"uv": [0, 0, 6.99526, 0.99787], "rotation": 270, "texture": "#6"},
				"down": {"uv": [8, 0, 14.9953, 0.9979], "rotation": 270, "texture": "#6"}
			}
		},
		{
			"name": "TypeF3",
			"from": [1.5, 0.25, 11.25],
			"to": [5, 6.5, 11.75],
			"rotation": {"angle": 0, "axis": "y", "origin": [4.5, 3.5, 2.25]},
			"faces": {
				"north": {"uv": [0, 1, 7, 13.4932], "texture": "#6"},
				"east": {"uv": [15.00245, 0.9981, 16, 13.49458], "texture": "#6"},
				"south": {"uv": [8, 1.00578, 15.00045, 13.49619], "texture": "#6"},
				"west": {"uv": [7.025, 1, 7.99429, 13.501], "texture": "#6"},
				"up": {"uv": [0, 0, 6.99526, 0.99787], "rotation": 180, "texture": "#6"},
				"down": {"uv": [8, 0, 14.9953, 0.9979], "texture": "#6"}
			}
		},
		{
			"name": "TypeF4",
			"from": [11.305, 0.25, 10.945],
			"to": [11.805, 6.5, 14.445],
			"rotation": {"angle": 0, "axis": "y", "origin": [8.825, 3.4875, 14.02]},
			"faces": {
				"north": {"uv": [15.00245, 0.9981, 16, 13.49458], "texture": "#6"},
				"east": {"uv": [8, 1.00578, 15.00045, 13.49619], "texture": "#6"},
				"south": {"uv": [7.025, 1, 7.99429, 13.501], "texture": "#6"},
				"west": {"uv": [0, 1, 7, 13.4932], "texture": "#6"},
				"up": {"uv": [0, 0, 6.99526, 0.99787], "rotation": 90, "texture": "#6"},
				"down": {"uv": [8, 0, 14.9953, 0.9979], "rotation": 90, "texture": "#6"}
			}
		},
		{
			"name": "TypeF5",
			"from": [11, 0.25, 4.24],
			"to": [14.5, 6.5, 4.74],
			"rotation": {"angle": 0, "axis": "y", "origin": [14.075, 3.4875, 7.22]},
			"faces": {
				"north": {"uv": [8, 1.00578, 15.00045, 13.49619], "texture": "#6"},
				"east": {"uv": [7.025, 1, 7.99429, 13.501], "texture": "#6"},
				"south": {"uv": [0, 1, 7, 13.4932], "texture": "#6"},
				"west": {"uv": [15.00245, 0.9981, 16, 13.49458], "texture": "#6"},
				"up": {"uv": [0, 0, 6.99526, 0.99787], "texture": "#6"},
				"down": {"uv": [8, 0, 14.9953, 0.9979], "rotation": 180, "texture": "#6"}
			}
		},
		{
			"name": "TypeF5",
			"from": [11.625, 8.25, 0.2],
			"to": [12.125, 14.5, 3.7],
			"rotation": {"angle": 0, "axis": "y", "origin": [16.375, 3.5, 3.75]},
			"faces": {
				"north": {"uv": [7.025, 1, 7.99429, 13.501], "texture": "#6"},
				"east": {"uv": [0, 1, 7, 13.4932], "texture": "#6"},
				"south": {"uv": [15.00245, 0.9981, 16, 13.49458], "texture": "#6"},
				"west": {"uv": [8, 1.00578, 15.00045, 13.49619], "texture": "#6"},
				"up": {"uv": [0, 0, 6.99526, 0.99787], "rotation": 270, "texture": "#6"},
				"down": {"uv": [8, 0, 14.9953, 0.9979], "rotation": 270, "texture": "#6"}
			}
		},
		{
			"name": "TypeF6",
			"from": [0.45136, 8.25, 3.90091],
			"to": [3.95136, 14.5, 4.40091],
			"rotation": {"angle": 0, "axis": "y", "origin": [1.87614, 11.4875, 8.89977]},
			"faces": {
				"north": {"uv": [0, 1, 7, 13.4932], "texture": "#6"},
				"east": {"uv": [15.00245, 0.9981, 16, 13.49458], "texture": "#6"},
				"south": {"uv": [8, 1.00578, 15.00045, 13.49619], "texture": "#6"},
				"west": {"uv": [7.025, 1, 7.99429, 13.501], "texture": "#6"},
				"up": {"uv": [0, 0, 6.99526, 0.99787], "rotation": 180, "texture": "#6"},
				"down": {"uv": [8, 0, 14.9953, 0.9979], "texture": "#6"}
			}
		},
		{
			"name": "TypeF7",
			"from": [3.84727, 8.25, 11.89455],
			"to": [4.34727, 14.5, 15.39455],
			"rotation": {"angle": 0, "axis": "y", "origin": [8.84614, 11.4875, 14.39977]},
			"faces": {
				"north": {"uv": [15.00245, 0.9981, 16, 13.49458], "texture": "#6"},
				"east": {"uv": [8, 1.00578, 15.00045, 13.49619], "texture": "#6"},
				"south": {"uv": [7.025, 1, 7.99429, 13.501], "texture": "#6"},
				"west": {"uv": [0, 1, 7, 13.4932], "texture": "#6"},
				"up": {"uv": [0, 0, 6.99526, 0.99787], "rotation": 90, "texture": "#6"},
				"down": {"uv": [8, 0, 14.9953, 0.9979], "rotation": 90, "texture": "#6"}
			}
		},
		{
			"name": "TypeF8",
			"from": [11.44091, 8.25, 11.59864],
			"to": [14.94091, 14.5, 12.09864],
			"rotation": {"angle": 0, "axis": "y", "origin": [13.94614, 11.4875, 7.19977]},
			"faces": {
				"north": {"uv": [8, 1.00578, 15.00045, 13.49619], "texture": "#6"},
				"east": {"uv": [7.025, 1, 7.99429, 13.501], "texture": "#6"},
				"south": {"uv": [0, 1, 7, 13.4932], "texture": "#6"},
				"west": {"uv": [15.00245, 0.9981, 16, 13.49458], "texture": "#6"},
				"up": {"uv": [0, 0, 6.99526, 0.99787], "texture": "#6"},
				"down": {"uv": [8, 0, 14.9953, 0.9979], "rotation": 180, "texture": "#6"}
			}
		},
		{
			"name": "TypeF5",
			"from": [-0.43182, 8.25, 0.76136],
			"to": [3.06818, 14.5, 1.26136],
			"rotation": {"angle": 0, "axis": "y", "origin": [2.02727, 11.47727, 6.90909]},
			"faces": {
				"north": {"uv": [0, 1, 7, 13.4932], "texture": "#6"},
				"east": {"uv": [15.00245, 0.9981, 16, 13.49458], "texture": "#6"},
				"south": {"uv": [8, 1.00578, 15.00045, 13.49619], "texture": "#6"},
				"west": {"uv": [7.025, 1, 7.99429, 13.501], "texture": "#6"},
				"up": {"uv": [0, 0, 6.99526, 0.99787], "rotation": 180, "texture": "#6"},
				"down": {"uv": [8, 0, 14.9953, 0.9979], "texture": "#6"}
			}
		},
		{
			"name": "TypeF6",
			"from": [0.76273, 8.25, 12.95773],
			"to": [1.26273, 14.5, 16.45773],
			"rotation": {"angle": 0, "axis": "y", "origin": [1.87614, 11.4875, 8.89977]},
			"faces": {
				"north": {"uv": [15.00245, 0.9981, 16, 13.49458], "texture": "#6"},
				"east": {"uv": [8, 1.00578, 15.00045, 13.49619], "texture": "#6"},
				"south": {"uv": [7.025, 1, 7.99429, 13.501], "texture": "#6"},
				"west": {"uv": [0, 1, 7, 13.4932], "texture": "#6"},
				"up": {"uv": [0, 0, 6.99526, 0.99787], "rotation": 90, "texture": "#6"},
				"down": {"uv": [8, 0, 14.9953, 0.9979], "rotation": 90, "texture": "#6"}
			}
		},
		{
			"name": "TypeF7",
			"from": [12.90409, 8.25, 14.58318],
			"to": [16.40409, 14.5, 15.08318],
			"rotation": {"angle": 0, "axis": "y", "origin": [8.84614, 11.4875, 13.89977]},
			"faces": {
				"north": {"uv": [8, 1.00578, 15.00045, 13.49619], "texture": "#6"},
				"east": {"uv": [7.025, 1, 7.99429, 13.501], "texture": "#6"},
				"south": {"uv": [0, 1, 7, 13.4932], "texture": "#6"},
				"west": {"uv": [15.00245, 0.9981, 16, 13.49458], "texture": "#6"},
				"up": {"uv": [0, 0, 6.99526, 0.99787], "texture": "#6"},
				"down": {"uv": [8, 0, 14.9953, 0.9979], "rotation": 180, "texture": "#6"}
			}
		},
		{
			"name": "TypeF8",
			"from": [14.62955, 8.25, -0.35818],
			"to": [15.12955, 14.5, 3.14182],
			"rotation": {"angle": 0, "axis": "y", "origin": [13.94614, 11.4875, 7.19977]},
			"faces": {
				"north": {"uv": [7.025, 1, 7.99429, 13.501], "texture": "#6"},
				"east": {"uv": [0, 1, 7, 13.4932], "texture": "#6"},
				"south": {"uv": [15.00245, 0.9981, 16, 13.49458], "texture": "#6"},
				"west": {"uv": [8, 1.00578, 15.00045, 13.49619], "texture": "#6"},
				"up": {"uv": [0, 0, 6.99526, 0.99787], "rotation": 270, "texture": "#6"},
				"down": {"uv": [8, 0, 14.9953, 0.9979], "rotation": 270, "texture": "#6"}
			}
		},
		{
			"name": "TypeG1",
			"from": [7.85, 0.25, 0.8],
			"to": [8.85, 7.25, 4.05],
			"rotation": {"angle": 0, "axis": "y", "origin": [13.95, 3.5, 4.5]},
			"faces": {
				"north": {"uv": [6.11884, 1.88078, 8, 15.05655], "texture": "#8"},
				"east": {"uv": [0, 1.881, 6.1162, 15.0572], "texture": "#8"},
				"south": {"uv": [14.12, 1.885, 16, 15.05432], "texture": "#8"},
				"west": {"uv": [8, 1.88103, 14.11619, 15.05719], "texture": "#8"},
				"up": {"uv": [0, 0, 6.11555, 1.88029], "rotation": 270, "texture": "#8"},
				"down": {"uv": [8, 0, 14.1155, 1.8803], "rotation": 270, "texture": "#8"}
			}
		},
		{
			"name": "TypeG2",
			"from": [0.8, 0.25, 5.35],
			"to": [4.05, 7.25, 6.35],
			"rotation": {"angle": 0, "axis": "y", "origin": [4.5, 3.5, 2.25]},
			"faces": {
				"north": {"uv": [0, 1.881, 6.1162, 15.0572], "texture": "#8"},
				"east": {"uv": [14.12, 1.885, 16, 15.05432], "texture": "#8"},
				"south": {"uv": [8, 1.88103, 14.11619, 15.05719], "texture": "#8"},
				"west": {"uv": [6.11884, 1.88078, 8, 15.05655], "texture": "#8"},
				"up": {"uv": [0, 0, 6.11555, 1.88029], "rotation": 180, "texture": "#8"},
				"down": {"uv": [8, 0, 14.1155, 1.8803], "texture": "#8"}
			}
		},
		{
			"name": "TypeG3",
			"from": [5.405, 0.25, 11.895],
			"to": [6.405, 7.25, 15.145],
			"rotation": {"angle": 0, "axis": "y", "origin": [8.825, 3.4875, 14.02]},
			"faces": {
				"north": {"uv": [14.12, 1.885, 16, 15.05432], "texture": "#8"},
				"east": {"uv": [8, 1.88103, 14.11619, 15.05719], "texture": "#8"},
				"south": {"uv": [6.11884, 1.88078, 8, 15.05655], "texture": "#8"},
				"west": {"uv": [0, 1.881, 6.1162, 15.0572], "texture": "#8"},
				"up": {"uv": [0, 0, 6.11555, 1.88029], "rotation": 90, "texture": "#8"},
				"down": {"uv": [8, 0, 14.1155, 1.8803], "rotation": 90, "texture": "#8"}
			}
		},
		{
			"name": "TypeG4",
			"from": [11.95, 0.25, 9.64],
			"to": [15.2, 7.25, 10.64],
			"rotation": {"angle": 0, "axis": "y", "origin": [14.075, 3.4875, 7.22]},
			"faces": {
				"north": {"uv": [8, 1.88103, 14.11619, 15.05719], "texture": "#8"},
				"east": {"uv": [6.11884, 1.88078, 8, 15.05655], "texture": "#8"},
				"south": {"uv": [0, 1.881, 6.1162, 15.0572], "texture": "#8"},
				"west": {"uv": [14.12, 1.885, 16, 15.05432], "texture": "#8"},
				"up": {"uv": [0, 0, 6.11555, 1.88029], "texture": "#8"},
				"down": {"uv": [8, 0, 14.1155, 1.8803], "rotation": 180, "texture": "#8"}
			}
		},
		{
			"name": "TypeG3",
			"from": [6.25, 8.25, 1],
			"to": [7.25, 15.25, 4.25],
			"rotation": {"angle": 0, "axis": "y", "origin": [12.925, 3.5, 5]},
			"faces": {
				"north": {"uv": [6.11884, 1.88078, 8, 15.05655], "texture": "#8"},
				"east": {"uv": [0, 1.881, 6.1162, 15.0572], "texture": "#8"},
				"south": {"uv": [14.12, 1.885, 16, 15.05432], "texture": "#8"},
				"west": {"uv": [8, 1.88103, 14.11619, 15.05719], "texture": "#8"},
				"up": {"uv": [0, 0, 6.11555, 1.88029], "rotation": 270, "texture": "#8"},
				"down": {"uv": [8, 0, 14.1155, 1.8803], "rotation": 270, "texture": "#8"}
			}
		},
		{
			"name": "TypeG4",
			"from": [0.90136, 8.25, 8.77591],
			"to": [4.15136, 15.25, 9.77591],
			"rotation": {"angle": 0, "axis": "y", "origin": [2.37614, 11.4875, 8.89977]},
			"faces": {
				"north": {"uv": [0, 1.881, 6.1162, 15.0572], "texture": "#8"},
				"east": {"uv": [14.12, 1.885, 16, 15.05432], "texture": "#8"},
				"south": {"uv": [8, 1.88103, 14.11619, 15.05719], "texture": "#8"},
				"west": {"uv": [6.11884, 1.88078, 8, 15.05655], "texture": "#8"},
				"up": {"uv": [0, 0, 6.11555, 1.88029], "rotation": 180, "texture": "#8"},
				"down": {"uv": [8, 0, 14.1155, 1.8803], "texture": "#8"}
			}
		},
		{
			"name": "TypeG5",
			"from": [8.72227, 8.25, 11.69455],
			"to": [9.72227, 15.25, 14.94455],
			"rotation": {"angle": 0, "axis": "y", "origin": [8.84614, 11.4875, 13.89977]},
			"faces": {
				"north": {"uv": [14.12, 1.885, 16, 15.05432], "texture": "#8"},
				"east": {"uv": [8, 1.88103, 14.11619, 15.05719], "texture": "#8"},
				"south": {"uv": [6.11884, 1.88078, 8, 15.05655], "texture": "#8"},
				"west": {"uv": [0, 1.881, 6.1162, 15.0572], "texture": "#8"},
				"up": {"uv": [0, 0, 6.11555, 1.88029], "rotation": 90, "texture": "#8"},
				"down": {"uv": [8, 0, 14.1155, 1.8803], "rotation": 90, "texture": "#8"}
			}
		},
		{
			"name": "TypeG6",
			"from": [12.04091, 8.25, 6.32364],
			"to": [15.29091, 15.25, 7.32364],
			"rotation": {"angle": 0, "axis": "y", "origin": [13.34614, 11.4875, 7.19977]},
			"faces": {
				"north": {"uv": [8, 1.88103, 14.11619, 15.05719], "texture": "#8"},
				"east": {"uv": [6.11884, 1.88078, 8, 15.05655], "texture": "#8"},
				"south": {"uv": [0, 1.881, 6.1162, 15.0572], "texture": "#8"},
				"west": {"uv": [14.12, 1.885, 16, 15.05432], "texture": "#8"},
				"up": {"uv": [0, 0, 6.11555, 1.88029], "texture": "#8"},
				"down": {"uv": [8, 0, 14.1155, 1.8803], "rotation": 180, "texture": "#8"}
			}
		},
		{
			"name": "TypeG3",
			"from": [13.675, 8.25, -0.5],
			"to": [14.675, 15.25, 2.75],
			"rotation": {"angle": 0, "axis": "y", "origin": [13.925, 3.5, 4.3]},
			"faces": {
				"north": {"uv": [6.11884, 1.88078, 8, 15.05655], "texture": "#8"},
				"east": {"uv": [0, 1.881, 6.1162, 15.0572], "texture": "#8"},
				"south": {"uv": [14.12, 1.885, 16, 15.05432], "texture": "#8"},
				"west": {"uv": [8, 1.88103, 14.11619, 15.05719], "texture": "#8"},
				"up": {"uv": [0, 0, 6.11555, 1.88029], "rotation": 270, "texture": "#8"},
				"down": {"uv": [8, 0, 14.1155, 1.8803], "rotation": 270, "texture": "#8"}
			}
		},
		{
			"name": "TypeG4",
			"from": [-0.58182, 8.25, 1.26136],
			"to": [2.66818, 15.25, 2.26136],
			"rotation": {"angle": 0, "axis": "y", "origin": [2.02727, 11.47727, 6.90909]},
			"faces": {
				"north": {"uv": [0, 1.881, 6.1162, 15.0572], "texture": "#8"},
				"east": {"uv": [14.12, 1.885, 16, 15.05432], "texture": "#8"},
				"south": {"uv": [8, 1.88103, 14.11619, 15.05719], "texture": "#8"},
				"west": {"uv": [6.11884, 1.88078, 8, 15.05655], "texture": "#8"},
				"up": {"uv": [0, 0, 6.11555, 1.88029], "rotation": 180, "texture": "#8"},
				"down": {"uv": [8, 0, 14.1155, 1.8803], "texture": "#8"}
			}
		},
		{
			"name": "TypeG5",
			"from": [1.26273, 8.25, 13.35773],
			"to": [2.26273, 15.25, 16.60773],
			"rotation": {"angle": 0, "axis": "y", "origin": [1.87614, 11.4875, 8.89977]},
			"faces": {
				"north": {"uv": [14.12, 1.885, 16, 15.05432], "texture": "#8"},
				"east": {"uv": [8, 1.88103, 14.11619, 15.05719], "texture": "#8"},
				"south": {"uv": [6.11884, 1.88078, 8, 15.05655], "texture": "#8"},
				"west": {"uv": [0, 1.881, 6.1162, 15.0572], "texture": "#8"},
				"up": {"uv": [0, 0, 6.11555, 1.88029], "rotation": 90, "texture": "#8"},
				"down": {"uv": [8, 0, 14.1155, 1.8803], "rotation": 90, "texture": "#8"}
			}
		},
		{
			"name": "TypeG6",
			"from": [13.30409, 8.25, 13.58318],
			"to": [16.55409, 15.25, 14.58318],
			"rotation": {"angle": 0, "axis": "y", "origin": [8.84614, 11.4875, 13.89977]},
			"faces": {
				"north": {"uv": [8, 1.88103, 14.11619, 15.05719], "texture": "#8"},
				"east": {"uv": [6.11884, 1.88078, 8, 15.05655], "texture": "#8"},
				"south": {"uv": [0, 1.881, 6.1162, 15.0572], "texture": "#8"},
				"west": {"uv": [14.12, 1.885, 16, 15.05432], "texture": "#8"},
				"up": {"uv": [0, 0, 6.11555, 1.88029], "texture": "#8"},
				"down": {"uv": [8, 0, 14.1155, 1.8803], "rotation": 180, "texture": "#8"}
			}
		},
		{
			"name": "Platte3",
			"from": [0, 15.5, 0],
			"to": [16, 16, 16],
			"faces": {
				"north": {"uv": [0, 0, 16, 0.5], "texture": "#1"},
				"east": {"uv": [0, 0, 16, 0.5], "texture": "#1"},
				"south": {"uv": [0, 0, 16, 0.5], "texture": "#1"},
				"west": {"uv": [0, 0, 16, 0.5], "texture": "#1"},
				"up": {"uv": [0, 0, 16, 16], "texture": "#0"},
				"down": {"uv": [0, 0, 16, 16], "texture": "#0"}
			}
		},
		{
			"name": "Platte4",
			"from": [0, 7.5, 0],
			"to": [16, 8.25, 16],
			"faces": {
				"north": {"uv": [0, 7.75, 16, 8.5], "texture": "#1"},
				"east": {"uv": [0, 7.75, 16, 8.5], "texture": "#1"},
				"south": {"uv": [0, 7.75, 16, 8.5], "texture": "#1"},
				"west": {"uv": [0, 7.75, 16, 8.5], "texture": "#1"},
				"up": {"uv": [0, 0, 16, 16], "texture": "#0"},
				"down": {"uv": [0, 0, 16, 16], "texture": "#0"}
			}
		},
		{
			"name": "PlatteV",
			"from": [15.25, 0.25, 0],
			"to": [16, 7.5, 0.75],
			"faces": {
				"north": {"uv": [0, 8.5, 0.75, 15.75], "texture": "#1"},
				"east": {"uv": [15.25, 8.5, 16, 15.75], "texture": "#1"},
				"south": {"uv": [15.25, 8.5, 16, 15.75], "texture": "#1"},
				"west": {"uv": [0, 8.5, 0.75, 15.75], "texture": "#1"},
				"up": {"uv": [0, 0, 0.01172, 0.01172], "rotation": 90, "texture": "#missing"},
				"down": {"uv": [0, 0, 0.01172, 0.01172], "rotation": 90, "texture": "#missing"}
			}
		},
		{
			"name": "PlatteV6",
			"from": [15.25, 8.25, 0],
			"to": [16, 15.5, 0.75],
			"rotation": {"angle": 0, "axis": "y", "origin": [8, 16, 8]},
			"faces": {
				"north": {"uv": [0, 0.5, 0.75, 7.75], "texture": "#1"},
				"east": {"uv": [15.25, 0.5, 16, 7.75], "texture": "#1"},
				"south": {"uv": [15.25, 0.5, 16, 7.75], "texture": "#1"},
				"west": {"uv": [0, 0.5, 0.75, 7.75], "texture": "#1"},
				"up": {"uv": [0, 0, 0.01172, 0.01172], "rotation": 90, "texture": "#missing"},
				"down": {"uv": [0, 0, 0.01172, 0.01172], "rotation": 90, "texture": "#missing"}
			}
		},
		{
			"name": "Platte1",
			"from": [0, 0, 0],
			"to": [16, 0.25, 16],
			"faces": {
				"north": {"uv": [0, 15.75, 16, 16], "texture": "#1"},
				"east": {"uv": [0, 15.75, 16, 16], "texture": "#1"},
				"south": {"uv": [0, 15.75, 16, 16], "texture": "#1"},
				"west": {"uv": [0, 15.75, 16, 16], "texture": "#1"},
				"up": {"uv": [0, 0, 16, 16], "texture": "#0"},
				"down": {"uv": [0, 0, 16, 16], "texture": "#0"}
			}
		},
		{
			"name": "PlatteV4",
			"from": [0, 0.25, 0],
			"to": [0.75, 7.5, 0.75],
			"faces": {
				"north": {"uv": [15.25, 8.5, 16, 15.75], "texture": "#1"},
				"east": {"uv": [15.25, 8.5, 16, 15.75], "texture": "#1"},
				"south": {"uv": [0, 8.5, 0.75, 15.75], "texture": "#1"},
				"west": {"uv": [0, 8.5, 0.75, 15.75], "texture": "#1"},
				"up": {"uv": [0, 0, 0.01172, 0.01172], "rotation": 90, "texture": "#missing"},
				"down": {"uv": [0, 0, 0.01172, 0.01172], "rotation": 90, "texture": "#missing"}
			}
		},
		{
			"name": "PlatteV5",
			"from": [0, 8.25, 0],
			"to": [0.75, 15.5, 0.75],
			"rotation": {"angle": 0, "axis": "y", "origin": [8, 16, 8]},
			"faces": {
				"north": {"uv": [15.25, 0.5, 16, 7.75], "texture": "#1"},
				"east": {"uv": [15.25, 0.5, 16, 7.75], "texture": "#1"},
				"south": {"uv": [0, 0.5, 0.75, 7.75], "texture": "#1"},
				"west": {"uv": [0, 0.5, 0.75, 7.75], "texture": "#1"},
				"up": {"uv": [0, 0, 0.01172, 0.01172], "rotation": 90, "texture": "#missing"},
				"down": {"uv": [0, 0, 0.01172, 0.01172], "rotation": 90, "texture": "#missing"}
			}
		},
		{
			"name": "PlatteV3",
			"from": [0, 0.25, 15.25],
			"to": [0.75, 7.5, 16],
			"faces": {
				"north": {"uv": [15.25, 8.5, 16, 15.75], "texture": "#1"},
				"east": {"uv": [0, 8.5, 0.75, 15.75], "texture": "#1"},
				"south": {"uv": [0, 8.5, 0.75, 15.75], "texture": "#1"},
				"west": {"uv": [15.25, 8.5, 16, 15.75], "texture": "#1"},
				"up": {"uv": [0, 0, 0.01172, 0.01172], "rotation": 90, "texture": "#missing"},
				"down": {"uv": [0, 0, 0.01172, 0.01172], "rotation": 90, "texture": "#missing"}
			}
		},
		{
			"name": "PlatteV4",
			"from": [0, 8.25, 15.25],
			"to": [0.75, 15.5, 16],
			"rotation": {"angle": 0, "axis": "y", "origin": [8, 16, 8]},
			"faces": {
				"north": {"uv": [15.25, 0.5, 16, 7.75], "texture": "#1"},
				"east": {"uv": [0, 0.5, 0.75, 7.75], "texture": "#1"},
				"south": {"uv": [0, 0.5, 0.75, 7.75], "texture": "#1"},
				"west": {"uv": [15.25, 0.5, 16, 7.75], "texture": "#1"},
				"up": {"uv": [0, 0, 0.01172, 0.01172], "rotation": 90, "texture": "#missing"},
				"down": {"uv": [0, 0, 0.01172, 0.01172], "rotation": 90, "texture": "#missing"}
			}
		},
		{
			"name": "PlatteV2",
			"from": [15.25, 0.25, 15.25],
			"to": [16, 7.5, 16],
			"faces": {
				"north": {"uv": [0, 8.5, 0.75, 15.75], "texture": "#1"},
				"east": {"uv": [0, 8.5, 0.75, 15.75], "texture": "#1"},
				"south": {"uv": [15.25, 8.5, 16, 15.75], "texture": "#1"},
				"west": {"uv": [15.25, 8.5, 16, 15.75], "texture": "#1"},
				"up": {"uv": [0, 0, 0.01172, 0.01172], "rotation": 90, "texture": "#missing"},
				"down": {"uv": [0, 0, 0.01172, 0.01172], "rotation": 90, "texture": "#missing"}
			}
		},
		{
			"name": "PlatteV3",
			"from": [15.25, 8.25, 15.25],
			"to": [16, 15.5, 16],
			"rotation": {"angle": 0, "axis": "y", "origin": [8, 16, 8]},
			"faces": {
				"north": {"uv": [0, 0.5, 0.75, 7.75], "texture": "#1"},
				"east": {"uv": [0, 0.5, 0.75, 7.75], "texture": "#1"},
				"south": {"uv": [15.25, 0.5, 16, 7.75], "texture": "#1"},
				"west": {"uv": [15.25, 0.5, 16, 7.75], "texture": "#1"},
				"up": {"uv": [0, 0, 0.01172, 0.01172], "rotation": 90, "texture": "#missing"},
				"down": {"uv": [0, 0, 0.01172, 0.01172], "rotation": 90, "texture": "#missing"}
			}
		}
	],
	"display": {        
		"ground": {
            "rotation": [ 0, 0, 0 ],
            "translation": [ 0, 2, 0],
            "scale":[ 0.24, 0.24, 0.24 ]
        },
        "head": {
            "rotation": [ 0, 180, 0 ],
            "translation": [ 0, 13, 7],
            "scale":[ 1, 1, 1]
        },
        "thirdperson_righthand": {
            "rotation": [ 0, 0, 0 ],
            "translation": [ 0, 3, 1 ],
            "scale": [ 0.4, 0.4, 0.4 ]
        },
        "firstperson_righthand": {
            "rotation": [ 0, -50, 0 ],
            "translation": [ 1.13, 0.8, 1.13],
            "scale": [ 0.4, 0.4, 0.4 ]
        },
        "fixed": {
            "rotation": [ 0, 180, 0 ],
            "scale": [ 1, 1, 1 ]
        }},
	"groups": [
		{
			"name": "ISOLATION",
			"origin": [8, 8, 8],
			"children": [
				{
					"name": "Books",
					"origin": [8, 8, 8],
					"children": [0, 1, 2, 3, 4, 5, 6, 7, 8, 9, 10, 11, 12, 13, 14, 15, 16, 17, 18, 19, 20, 21, 22, 23, 24, 25, 26, 27, 28, 29, 30, 31, 32, 33, 34, 35, 36, 37, 38, 39, 40, 41, 42, 43, 44, 45, 46, 47, 48, 49, 50, 51, 52, 53, 54, 55, 56, 57, 58, 59, 60, 61, 62, 63, 64, 65, 66, 67, 68, 69, 70, 71, 72, 73, 74, 75, 76, 77, 78, 79]
				},
				{
					"name": "SHELF",
					"origin": [8, 8, 8],
					"children": [80, 81, 82, 83, 84, 85, 86, 87, 88, 89, 90]
				}
			]
		}
	]
}